{"cameraMode":{"drawMode":0,"name":"Shaded","section":"Shading Mode"},"sceneLighting":true,"audioPlay":false,"sceneViewState":{"showFog":true,"showMaterialUpdate":true,"showSkybox":true,"showFlares":true,"showImageEffects":true,"showParticleSystems":true},"in2DMode":false,"pivot":{"x":608.8609619140625,"y":377.6779479980469,"z":28.24909782409668},"rotation":{"x":-0.20309002697467805,"y":-0.05711343511939049,"z":0.009652374312281609,"w":-0.9780676960945129},"size":69.6937026977539,"orthographic":false}