{"cameraMode":{"drawMode":0,"name":"Shaded","section":"Shading Mode"},"sceneLighting":true,"audioPlay":false,"sceneViewState":{"showFog":true,"showMaterialUpdate":true,"showSkybox":false,"showFlares":true,"showImageEffects":true,"showParticleSystems":true},"in2DMode":false,"pivot":{"x":51.79186248779297,"y":4.480000019073486,"z":43.63712692260742},"rotation":{"x":-0.04479169845581055,"y":-0.8934497833251953,"z":0.08952417224645615,"w":-0.4392388164997101},"size":1.716081142425537,"orthographic":false}