{"cameraMode":{"drawMode":0,"name":"Shaded","section":"Shading Mode"},"sceneLighting":true,"audioPlay":false,"sceneViewState":{"showFog":true,"showMaterialUpdate":true,"showSkybox":false,"showFlares":true,"showImageEffects":true,"showParticleSystems":true},"in2DMode":false,"pivot":{"x":66.3800048828125,"y":7.607877731323242,"z":-63.1268310546875},"rotation":{"x":0.15666642785072328,"y":-0.2671809196472168,"z":0.04565436393022537,"w":0.9503655433654785},"size":3.003483772277832,"orthographic":false}