{"cameraMode":{"drawMode":0,"name":"Shaded","section":"Shading Mode"},"sceneLighting":true,"audioPlay":false,"sceneViewState":{"showFog":true,"showMaterialUpdate":true,"showSkybox":true,"showFlares":true,"showImageEffects":true,"showParticleSystems":true},"in2DMode":false,"pivot":{"x":37.2595100402832,"y":33.48538589477539,"z":329.3179016113281},"rotation":{"x":-0.11226186156272888,"y":-0.22609925270080567,"z":0.02498636394739151,"w":-0.967793881893158},"size":1.4548674821853638,"orthographic":false}