{"cameraMode":{"drawMode":0,"name":"Shaded","section":"Shading Mode"},"sceneLighting":true,"audioPlay":false,"sceneViewState":{"showFog":true,"showMaterialUpdate":true,"showSkybox":true,"showFlares":true,"showImageEffects":true,"showParticleSystems":true},"in2DMode":false,"pivot":{"x":87.71730041503906,"y":24.188230514526368,"z":167.6001434326172},"rotation":{"x":-0.07584171742200852,"y":-0.915410041809082,"z":-0.19807390868663789,"w":0.343807578086853},"size":1.2247449159622193,"orthographic":false}