{"cameraMode":{"drawMode":0,"name":"Shaded","section":"Shading Mode"},"sceneLighting":true,"audioPlay":false,"sceneViewState":{"showFog":true,"showMaterialUpdate":true,"showSkybox":true,"showFlares":true,"showImageEffects":true,"showParticleSystems":true},"in2DMode":false,"pivot":{"x":194.58888244628907,"y":-3.9716200828552248,"z":120.25259399414063},"rotation":{"x":0.08578572422266007,"y":0.8117696046829224,"z":-0.11958935111761093,"w":0.5662053823471069},"size":16.125391006469728,"orthographic":false}