{"cameraMode":{"drawMode":0,"name":"Shaded","section":"Shading Mode"},"sceneLighting":true,"audioPlay":false,"sceneViewState":{"showFog":true,"showMaterialUpdate":true,"showSkybox":false,"showFlares":true,"showImageEffects":true,"showParticleSystems":true},"in2DMode":false,"pivot":{"x":0.7464141845703125,"y":-2.9287796020507814,"z":2.2146682739257814},"rotation":{"x":-0.10345887392759323,"y":0.05215175449848175,"z":-0.0070278095081448559,"w":-0.9938480854034424},"size":8.350239753723145,"orthographic":false}