{"cameraMode":{"drawMode":0,"name":"Shaded","section":"Shading Mode"},"sceneLighting":true,"audioPlay":false,"sceneViewState":{"showFog":true,"showMaterialUpdate":true,"showSkybox":true,"showFlares":true,"showImageEffects":true,"showParticleSystems":true},"in2DMode":false,"pivot":{"x":-516.3438720703125,"y":147.3339385986328,"z":58.80046463012695},"rotation":{"x":0.08491523563861847,"y":0.6857999563217163,"z":0.06982211768627167,"w":-0.7203715443611145},"size":309.9246826171875,"orthographic":false}